{ 
    
    "dish": [
        
        {
            "density": 2, "friction": 0, "bounce": 0, 
            "filter": { "categoryBits": 1, "maskBits": 65535 },
            "shape": [   8, 0  ,  9, 12  ,  2.5, 24  ,  -0.5, 10  ,  0, 0  ]
        } ,
        {
            "density": 2, "friction": 0, "bounce": 0, 
            "filter": { "categoryBits": 1, "maskBits": 65535 },
            "shape": [   14, 30  ,  10.5, 43  ,  2.5, 24  ,  9, 12  ]
        } ,
        {
            "density": 2, "friction": 0, "bounce": 0, 
            "filter": { "categoryBits": 1, "maskBits": 65535 },
            "shape": [   24, 47  ,  20.5, 57  ,  10.5, 43  ,  14, 30  ]
        } ,
        {
            "density": 2, "friction": 0, "bounce": 0, 
            "filter": { "categoryBits": 1, "maskBits": 65535 },
            "shape": [   33, 57  ,  43, 75.5  ,  20.5, 57  ,  24, 47  ]
        } ,
        {
            "density": 2, "friction": 0, "bounce": 0, 
            "filter": { "categoryBits": 1, "maskBits": 65535 },
            "shape": [   179.5, 14  ,  175.5, 29  ,  168.5, 23  ,  171.5, 1  ,  179, 0.5  ]
        } ,
        {
            "density": 2, "friction": 0, "bounce": 0, 
            "filter": { "categoryBits": 1, "maskBits": 65535 },
            "shape": [   175.5, 29  ,  167.5, 46  ,  161, 39  ,  168.5, 23  ]
        } ,
        {
            "density": 2, "friction": 0, "bounce": 0, 
            "filter": { "categoryBits": 1, "maskBits": 65535 },
            "shape": [   167.5, 46  ,  152.5, 64  ,  157, 47  ,  161, 39  ]
        } ,
        {
            "density": 2, "friction": 0, "bounce": 0, 
            "filter": { "categoryBits": 1, "maskBits": 65535 },
            "shape": [   152.5, 64  ,  140, 73.5  ,  125.5, 81  ,  136, 65  ,  157, 47  ]
        } ,
        {
            "density": 2, "friction": 0, "bounce": 0, 
            "filter": { "categoryBits": 1, "maskBits": 65535 },
            "shape": [   125.5, 81  ,  107, 86.5  ,  107, 77  ,  136, 65  ]
        } ,
        {
            "density": 2, "friction": 0, "bounce": 0, 
            "filter": { "categoryBits": 1, "maskBits": 65535 },
            "shape": [   52, 70  ,  55, 81.5  ,  43, 75.5  ,  33, 57  ]
        } ,
        {
            "density": 2, "friction": 0, "bounce": 0, 
            "filter": { "categoryBits": 1, "maskBits": 65535 },
            "shape": [   65, 75  ,  73, 86.5  ,  55, 81.5  ,  52, 70  ]
        } ,
        {
            "density": 2, "friction": 0, "bounce": 0, 
            "filter": { "categoryBits": 1, "maskBits": 65535 },
            "shape": [   81, 78  ,  107, 86.5  ,  73, 86.5  ,  65, 75  ]
        } ,
        {
            "density": 2, "friction": 0, "bounce": 0, 
            "filter": { "categoryBits": 1, "maskBits": 65535 },
            "shape": [   107, 86.5  ,  81, 78  ,  107, 77  ]
        }
    ]
    , 
    "grain": [
        
        {
            "density": 2, "friction": 0, "bounce": 0, 
            "filter": { "categoryBits": 1, "maskBits": 65535 },
            "shape": [   -0.5, 15  ,  0.5, 7  ,  3.5, 2  ,  8, -0.5  ,  10.5, 8  ,  10.5, 11  ,  4, 17.5  ,  1, 17.5  ]
        } ,
        {
            "density": 2, "friction": 0, "bounce": 0, 
            "filter": { "categoryBits": 1, "maskBits": 65535 },
            "shape": [   10.5, 8  ,  8, -0.5  ,  9, -0.5  ,  11, 0.5  ,  12.5, 4  ]
        }
    ]
}
