{ 
    
    "ricedish": [
        
        {
            "density": 2, "friction": 0, "bounce": 0, 
            "filter": { "categoryBits": 1, "maskBits": 65535 },
            "shape": [   167, 19  ,  171, 18  ,  175, 18  ,  178, 34  ,  175, 48  ,  165, 33  ,  164, 24  ,  164, 21  ]
        } ,
        {
            "density": 2, "friction": 0, "bounce": 0, 
            "filter": { "categoryBits": 1, "maskBits": 65535 },
            "shape": [   16, 28  ,  15, 36  ,  6, 20  ,  12, 20  ,  14, 21  ,  16, 23  ]
        } ,
        {
            "density": 2, "friction": 0, "bounce": 0, 
            "filter": { "categoryBits": 1, "maskBits": 65535 },
            "shape": [   3, 21  ,  6, 20  ,  15, 36  ,  19, 48  ,  4, 45  ,  1, 23  ]
        } ,
        {
            "density": 2, "friction": 0, "bounce": 0, 
            "filter": { "categoryBits": 1, "maskBits": 65535 },
            "shape": [   180, 21  ,  178, 34  ,  175, 18  ,  178, 19  ]
        } ,
        {
            "density": 2, "friction": 0, "bounce": 0, 
            "filter": { "categoryBits": 1, "maskBits": 65535 },
            "shape": [   175, 48  ,  169, 62  ,  162, 45  ,  165, 33  ]
        } ,
        {
            "density": 2, "friction": 0, "bounce": 0, 
            "filter": { "categoryBits": 1, "maskBits": 65535 },
            "shape": [   169, 62  ,  156, 79  ,  156, 58  ,  162, 45  ]
        } ,
        {
            "density": 2, "friction": 0, "bounce": 0, 
            "filter": { "categoryBits": 1, "maskBits": 65535 },
            "shape": [   156, 79  ,  150, 68  ,  156, 58  ]
        } ,
        {
            "density": 2, "friction": 0, "bounce": 0, 
            "filter": { "categoryBits": 1, "maskBits": 65535 },
            "shape": [   156, 79  ,  141, 92  ,  142, 77  ,  150, 68  ]
        } ,
        {
            "density": 2, "friction": 0, "bounce": 0, 
            "filter": { "categoryBits": 1, "maskBits": 65535 },
            "shape": [   141, 92  ,  124, 101  ,  130, 86  ,  142, 77  ]
        } ,
        {
            "density": 2, "friction": 0, "bounce": 0, 
            "filter": { "categoryBits": 1, "maskBits": 65535 },
            "shape": [   124, 101  ,  110, 105  ,  118, 92  ,  130, 86  ]
        } ,
        {
            "density": 2, "friction": 0, "bounce": 0, 
            "filter": { "categoryBits": 1, "maskBits": 65535 },
            "shape": [   110, 105  ,  99, 107  ,  105, 96  ,  118, 92  ]
        } ,
        {
            "density": 2, "friction": 0, "bounce": 0, 
            "filter": { "categoryBits": 1, "maskBits": 65535 },
            "shape": [   99, 107  ,  82, 107  ,  88, 97  ,  105, 96  ]
        } ,
        {
            "density": 2, "friction": 0, "bounce": 0, 
            "filter": { "categoryBits": 1, "maskBits": 65535 },
            "shape": [   82, 107  ,  73, 106  ,  78, 96  ,  88, 97  ]
        } ,
        {
            "density": 2, "friction": 0, "bounce": 0, 
            "filter": { "categoryBits": 1, "maskBits": 65535 },
            "shape": [   73, 106  ,  62, 103  ,  64, 92  ,  78, 96  ]
        } ,
        {
            "density": 2, "friction": 0, "bounce": 0, 
            "filter": { "categoryBits": 1, "maskBits": 65535 },
            "shape": [   62, 103  ,  45, 96  ,  52, 87  ,  64, 92  ]
        } ,
        {
            "density": 2, "friction": 0, "bounce": 0, 
            "filter": { "categoryBits": 1, "maskBits": 65535 },
            "shape": [   45, 96  ,  28, 84  ,  39, 77  ,  52, 87  ]
        } ,
        {
            "density": 2, "friction": 0, "bounce": 0, 
            "filter": { "categoryBits": 1, "maskBits": 65535 },
            "shape": [   28, 84  ,  16, 70  ,  30, 68  ,  39, 77  ]
        } ,
        {
            "density": 2, "friction": 0, "bounce": 0, 
            "filter": { "categoryBits": 1, "maskBits": 65535 },
            "shape": [   16, 70  ,  8, 56  ,  23, 58  ,  30, 68  ]
        } ,
        {
            "density": 2, "friction": 0, "bounce": 0, 
            "filter": { "categoryBits": 1, "maskBits": 65535 },
            "shape": [   8, 56  ,  4, 45  ,  19, 48  ,  23, 58  ]
        }
    ]
    , 
    "grain": [
        
        {
            "density": 2, "friction": 0, "bounce": 0, 
            "filter": { "categoryBits": 1, "maskBits": 65535 },
            "shape": [   1, 15  ,  0, 10  ,  3.5, 2  ,  11.5, 3  ,  10.5, 11  ,  5, 16  ,  3.3734939098358154, 16.91566264629364  ,  2, 17  ]
        } ,
        {
            "density": 2, "friction": 0, "bounce": 0, 
            "filter": { "categoryBits": 1, "maskBits": 65535 },
            "shape": [   11.5, 3  ,  3.5, 2  ,  7, 0  ,  9, 0  ]
        } ,
        {
            "density": 2, "friction": 0, "bounce": 0, 
            "filter": { "categoryBits": 1, "maskBits": 65535 },
            "shape": [   5, 16  ,  10.5, 11  ,  7, 15  ]
        }
    ]
    , 
    "bomb-big": [
        
        {
            "density": 2, "friction": 0, "bounce": 0, 
            "filter": { "categoryBits": 1, "maskBits": 65535 },
            "shape": [   -0.5, 14  ,  0.5, 6  ,  5.5, 2  ,  17, 4.5  ,  18.5, 13  ,  16.5, 17  ,  11, 20.5  ,  3, 19.5  ]
        } ,
        {
            "density": 2, "friction": 0, "bounce": 0, 
            "filter": { "categoryBits": 1, "maskBits": 65535 },
            "shape": [   19.5, 0  ,  19.5, 1  ,  17, 4.5  ,  5.5, 2  ]
        }
    ]
}
